industry,avg_score,score_std,avg_votes,vote_std,avg_placement,num_celebrities,score_effect,vote_effect
Social Media,32.166666666666664,6.814965150314418,67530.22222222222,55621.07400999193,4.592592592592593,9,6.18346774696915,-57504.8850878246
Athlete,26.20139362041467,6.236148526596682,137676.34290271133,137471.28790901406,4.725677830940989,94,0.21819470071715585,12641.23559266451
Other,25.3299711409396,6.933220310619045,98959.9798657718,102229.85408623469,5.167785234899329,24,-0.6532277787579162,-26075.127444275015
Singer/Musician,25.851711352657006,5.635712441264318,144547.4541062802,134068.88914689136,5.2270531400966185,60,-0.13148756704050868,19512.34679623338
Actor/Actress,26.078476077097505,5.934703804296207,130815.19954648527,117217.76899327322,5.350340136054422,124,0.0952771573999911,5780.092236438446
TV Personality,25.3985991416309,6.83871402013906,108175.94849785407,99992.20395921372,5.437768240343348,65,-0.5845997780666146,-16859.15881219275
Comedian,24.583330303030305,7.695944586418319,81953.25757575757,49711.81639604584,6.409090909090909,12,-1.3998686166672094,-43081.84973428925
News/Journalist,24.30701052631579,5.662919194382458,81235.26315789473,84728.14959808686,6.842105263157895,4,-1.6761883933817252,-43799.84415215209
Model,23.609579452054795,4.772773973858823,110964.54794520549,82574.53037139658,7.068493150684931,16,-2.373619467642719,-14070.559364841334
